file,experiment,rep,loss_train,ave_loss_train,loss_val,ave_loss_val,loss_test,ave_loss_test,auprc_avg_train,auprc_med_train,auprc_avg_val,auprc_med_val,auprc_avg_test,auprc_med_test
node_edge_conv1, 1_layer, 0, 25.737843,0.124940984,11.342704,0.11012334,14.395139,0.13975863,nan,nan,nan,nan,0.21359925711107186,0.18095456226520495
node_edge_conv1, 1_layer, 1, 26.572018,0.12899038,12.185464,0.118305475,14.386553,0.13967527,nan,nan,nan,nan,0.2115279719054901,0.18088519785491453
node_edge_conv1, 1_layer, 2, 25.843067,0.12545179,11.437645,0.1110451,14.405421,0.13985845,nan,nan,nan,nan,0.21500045700437512,0.19343555534406437
node_edge_conv1, 1_layer, 3, 25.897326,0.12571517,11.53193,0.111960486,14.365396,0.13946986,nan,nan,nan,nan,0.21599224248886548,0.18808825223640574
node_edge_conv1, 1_layer, 4, 25.75019,0.12500092,11.313315,0.10983802,14.436874,0.14016382,nan,nan,nan,nan,0.21333562122358443,0.18373627133411186
