epoch,loss_train,ave_loss_train,loss_val,ave_loss_val,loss_test,ave_loss_test,auprc_avg_train,auprc_med_train,auprc_avg_val,auprc_med_val,auprc_avg_test,auprc_med_test
10, 14.62153,0.1419566,4.597047,0.15851885,3.789369,0.1263123,0.21053312334216062,0.18550728941894806,0.20564713022301753,0.20163681023738708,0.18182846815289713,0.16839275383334518
20, 15.931069,0.15467058,5.115886,0.17640987,4.0304804,0.13434935,0.22759352105102112,0.19309803734979986,0.21859564279454707,0.18709159441626955,0.18625639694211193,0.16987303420604297
30, 15.65692,0.15200894,5.147592,0.17750317,3.9805787,0.13268596,0.2261497442505887,0.18816181892016975,0.22452271593943826,0.20009338819325798,0.2085582093808625,0.18041874564452426
40, 14.776797,0.14346406,4.64076,0.16002621,3.8455155,0.12818386,0.20413839242036222,0.1808925715015203,0.20372981615652494,0.1887501224843362,0.18409804153655246,0.17978034579370308
50, 14.519449,0.14096552,4.667327,0.1609423,3.7714221,0.12571408,0.21661936303214663,0.18979256959662286,0.20025651563313807,0.17579707363224262,0.18977609842061202,0.14064056847922413
60, 14.176031,0.13763137,4.359036,0.15031159,3.9012585,0.13004194,0.20753489789231874,0.19132281839167525,0.19125927716404986,0.1838376654844004,0.17936938317723083,0.1754375686937373
