epoch,loss_train,ave_loss_train,loss_val,ave_loss_val,loss_test,ave_loss_test,auprc_avg_train,auprc_med_train,auprc_avg_val,auprc_med_val,auprc_avg_test,auprc_med_test
10, 14.971442,0.14535381,4.794568,0.16532993,3.895969,0.12986563,0.23425874087215515,0.19952783154969667,0.20837597333502836,0.2040629882285539,0.1990078140094565,0.18447905062768571
20, 14.551402,0.14127575,4.5784974,0.15787922,3.8207047,0.12735683,0.2275534150086668,0.19518516819267565,0.21203282946151555,0.20834054315666403,0.19602558037197584,0.175794707150804
30, 15.969676,0.1550454,5.205693,0.17950664,3.9179962,0.13059987,0.2224920079688487,0.19124909939919757,0.20329171071354815,0.18736003206642243,0.2267155156588428,0.20634789835664208
40, 14.256614,0.13841373,4.4080467,0.1520016,3.7755494,0.12585165,0.21297973950671834,0.18537550858635946,0.20636390491519505,0.19596203051635375,0.18249792883893862,0.19184699769143468
50, 14.678692,0.14251158,4.7316155,0.16315916,3.9060562,0.13020188,0.22754805050827345,0.19465443622275688,0.2097364525671572,0.20443779731173062,0.18242839021770849,0.18009413188926882
60, 15.29602,0.14850505,4.899792,0.16895835,3.907397,0.13024656,0.22808601360994038,0.20636234896698613,0.20327195857455937,0.18072561616699,0.20170295233620975,0.19091342527787147
