epoch,loss_train,ave_loss_train,loss_val,ave_loss_val,loss_test,ave_loss_test,auprc_avg_train,auprc_med_train,auprc_avg_val,auprc_med_val,auprc_avg_test,auprc_med_test
10, 14.983791,0.1454737,4.798955,0.16548121,3.8477504,0.12825835,0.2218330882132792,0.20062671455336112,0.22350910070150232,0.20651678867474335,0.21051340980310493,0.1912755197976883
20, 15.139436,0.14698482,4.904058,0.16910544,3.8508565,0.12836188,0.2248070190315109,0.20135646359247936,0.19843782558829653,0.18525386455128595,0.206234928403381,0.1713140998178214
30, 14.5577135,0.14133702,4.5764112,0.15780729,3.740074,0.12466913,0.21545948678163815,0.19175778561344442,0.21123174637509026,0.1925553304254823,0.20830838590844222,0.17519413763194291
40, 18.709595,0.18164656,5.2831416,0.18217729,5.451657,0.1817219,0.1444551092455027,0.117435066748309,0.15676758832838994,0.14064410282579598,0.11348676230772362,0.10933695583784778
50, 14.38658,0.13967554,4.5537076,0.1570244,3.8869061,0.12956354,0.2035509128976774,0.17311746383036472,0.1885619591225192,0.18237189124591946,0.17486710736602548,0.17245655744842237
60, 14.726942,0.14298002,4.510432,0.15553214,4.0354733,0.13451578,0.18536857597821074,0.17193300557330907,0.18339694496127817,0.1728544923169018,0.15899440799889378,0.14774404652070344
