epoch,loss_train,ave_loss_train,loss_val,ave_loss_val,loss_test,ave_loss_test,auprc_avg_train,auprc_med_train,auprc_avg_val,auprc_med_val,auprc_avg_test,auprc_med_test
10, 14.205345,0.13791597,4.4127417,0.1521635,3.8744333,0.12914778,0.20370933829165283,0.1932617874736101,0.18648023905186442,0.17160767996817838,0.17888716222415643,0.1706666967612971
20, 15.96446,0.15499476,4.697814,0.1619936,4.240111,0.14133702,0.1837444960056898,0.1507705633804938,0.1949103799231088,0.168420864334072,0.15026188088725373,0.13895291707473048
30, 14.33955,0.13921893,4.3803287,0.15104581,3.908464,0.13028213,0.2027461735288583,0.17373575517856585,0.19344025585904104,0.19575781028136505,0.1772014596741971,0.16915237985015674
40, 14.422512,0.1400244,4.5918226,0.15833871,3.7945638,0.12648545,0.22389857976874158,0.20382476090388418,0.20963638622016273,0.20471390242663567,0.19056302432952865,0.16766679632418496
50, 16.852158,0.16361319,5.6086144,0.1934005,4.140836,0.13802786,0.22743555925633746,0.19684171247689197,0.20719108588863475,0.18147100965113794,0.2218510979549371,0.22394031823861507
60, 15.781974,0.15322305,5.1603355,0.1779426,3.9346275,0.13115425,0.22505154425333956,0.19879563848322263,0.20771571030761965,0.19357148173520472,0.2030088504002273,0.17810085522023106
