epoch,loss_train,ave_loss_train,loss_val,ave_loss_val,loss_test,ave_loss_test,auprc_avg_train,auprc_med_train,auprc_avg_val,auprc_med_val,auprc_avg_test,auprc_med_test
10, 15.071297,0.14632326,4.7185454,0.16270846,4.037489,0.13458297,0.18096385990240393,0.16740680000140407,0.1648760518476445,0.16583268521619543,0.1546877840904412,0.13153419164015556
20, 14.901773,0.14467742,4.821228,0.16624925,3.8583212,0.1286107,0.22114185725177532,0.19628140507203481,0.22029887912569912,0.1965435056364824,0.18940818710642043,0.17113874114207847
30, 14.518944,0.14096062,4.6549683,0.16051614,3.7718294,0.12572764,0.21151924262367813,0.19463771439494237,0.20611262943035333,0.19590985080765327,0.19308874498328463,0.16799027129755767
40, 18.261288,0.17729406,6.0653853,0.20915122,4.4709888,0.14903297,0.21554390782674532,0.1903368557027466,0.2140353607802145,0.19629218758294845,0.20339204954027928,0.2046258640599339
50, 14.177033,0.1376411,4.3712287,0.15073203,3.8438358,0.12812786,0.20049402030355135,0.18010654316281632,0.19349524013027716,0.18605589847943263,0.17038800579634222,0.1411654239314702
60, 17.15092,0.1665138,5.6168714,0.19368522,4.2282753,0.14094251,0.2228564766378835,0.19428266465033228,0.21227449554115235,0.19124145740994847,0.20363721844860144,0.19805818549331014
