file,experiment,rep,loss_train,ave_loss_train,loss_val,ave_loss_val,loss_test,ave_loss_test,auprc_avg_train,auprc_med_train,auprc_avg_val,auprc_med_val,auprc_avg_test,auprc_med_test
base_network, 0_layer, 0, 15.29602,0.14850505,4.899792,0.16895835,3.907397,0.13024656,0.22808601360994038,0.20636234896698613,0.20327195857455937,0.18072561616699,0.20170295233620975,0.19091342527787147
base_network, 0_layer, 1, 14.726942,0.14298002,4.510432,0.15553214,4.0354733,0.13451578,0.18536857597821074,0.17193300557330907,0.18339694496127817,0.1728544923169018,0.15899440799889378,0.14774404652070344
base_network, 0_layer, 2, 15.781974,0.15322305,5.1603355,0.1779426,3.9346275,0.13115425,0.22505154425333956,0.19879563848322263,0.20771571030761965,0.19357148173520472,0.2030088504002273,0.17810085522023106
base_network, 0_layer, 3, 17.15092,0.1665138,5.6168714,0.19368522,4.2282753,0.14094251,0.2228564766378835,0.19428266465033228,0.21227449554115235,0.19124145740994847,0.20363721844860144,0.19805818549331014
base_network, 0_layer, 4, 14.176031,0.13763137,4.359036,0.15031159,3.9012585,0.13004194,0.20753489789231874,0.19132281839167525,0.19125927716404986,0.1838376654844004,0.17936938317723083,0.1754375686937373
